subreddit,permalink,score,num_comments,title,body_text,image_url
worldnews,https://old.reddit.com/r/worldnews/comments/k4qide/an_antigay_hungarian_politician_has_resigned/,204538,8362,An anti-gay Hungarian politician has resigned after being caught by police fleeing a 25-man orgy through a window,,
worldnews,https://old.reddit.com/r/worldnews/comments/eclwg9/trump_impeached_for_abuse_of_power/,202902,19946,Trump Impeached for Abuse of Power,,
worldnews,https://old.reddit.com/r/worldnews/comments/t3pgaz/vladimir_putins_black_belt_revoked_by/,200158,6859,Vladimir Putin's black belt revoked by international taekwondo organization,,
worldnews,https://old.reddit.com/r/worldnews/comments/901p5f/two_weeks_before_his_inauguration_donald_j_trump/,189352,17962,"Two weeks before his inauguration, Donald J. Trump was shown highly classified intelligence indicating that President Vladimir V. Putin of Russia had personally ordered complex cyberattacks to sway the 2016 American election",,
worldnews,https://old.reddit.com/r/worldnews/comments/x96k3v/queen_elizabeth_ii_has_died_buckingham_palace/,189028,16342,"Queen Elizabeth II has died, Buckingham Palace announces",,
worldnews,https://old.reddit.com/r/worldnews/comments/t0b6fb/more_than_150_senior_russian_officials_sign_open/,178007,7640,More than 150 senior Russian officials sign open letter condemning Putin's invasion of Ukraine as 'an unprecedented atrocity' and warn of 'catastrophic consequences' while urging citizens 'not to participate',,
worldnews,https://old.reddit.com/r/worldnews/comments/t1o8wq/rejecting_us_evacuation_offer_zelensky_says_i/,171618,8177,"Rejecting US evacuation offer, Zelensky says I need anti-tank ammo, 'not a ride'",,
worldnews,https://old.reddit.com/r/worldnews/comments/t1f287/anonymous_leaks_database_of_the_russian_ministry/,165229,6325,Anonymous leaks database of the Russian Ministry of Defence,,
worldnews,https://old.reddit.com/r/worldnews/comments/4d75i7/26_terabyte_leak_of_panamanian_shell_company_data/,154756,11949,"2.6 terabyte leak of Panamanian shell company data reveals ""how a global industry led by major banks, legal firms, and asset management companies secretly manages the estates of politicians, Fifa officials, fraudsters and drug smugglers, celebrities and professional athletes.""",,
worldnews,https://old.reddit.com/r/worldnews/comments/t20u4i/kyiv_full_consensus_for_disconnecting_russia_from/,152122,6762,"Kyiv: full consensus for disconnecting Russia from SWIFT has been achieved, the process has begun",,
worldnews,https://old.reddit.com/r/worldnews/comments/t67pbu/ukraine_president_volodymyr_zelensky_survives/,151246,6277,Ukraine President Volodymyr Zelensky survives three assassination attempts in the last week.,,
worldnews,https://old.reddit.com/r/worldnews/comments/hmwhd7/brazilian_president_jair_bolsonaro_tests_positive/,150313,7135,Brazilian president Jair Bolsonaro tests positive for coronavirus,,
worldnews,https://old.reddit.com/r/worldnews/comments/9vw2w3/churchills_grandson_slams_trump_for_skipping/,150306,7914,"Churchill's grandson slams Trump for skipping cemetery visit because of weather: ""They died with their face to the foe and that pathetic inadequate @realDonaldTrump couldn’t even defy the weather to pay his respects to The Fallen,"" Soames tweeted",,
worldnews,https://old.reddit.com/r/worldnews/comments/kzx08x/b52_us_bombers_fly_over_middle_east_iran_condemns/,148056,8034,B-52 US bombers fly over Middle East; Iran condemns intimidation. Iranian foreign minister says the US would be better off spending its military billions ‘on your taxpayers’ health’.,,
worldnews,https://old.reddit.com/r/worldnews/comments/h0y6pm/scottish_parliament_votes_for_immediate/,146834,3875,"Scottish Parliament votes for immediate suspension of tear gas, rubber bullet and riot shield exports to US",,
worldnews,https://old.reddit.com/r/worldnews/comments/egvrh7/more_than_a_quarter_of_a_million_people_have/,146439,3005,More than a quarter of a million people have signed a petition calling for Sydney's New Year's Eve fireworks to be cancelled and the money spent on fighting fires that threaten the city.,,
worldnews,https://old.reddit.com/r/worldnews/comments/7erver/internet_defenders_urge_mass_revolt_to_fight_fccs/,145863,3994,"Internet Defenders Urge Mass Revolt to Fight FCC's ""Scorched-Earth"" Attack on Net Neutrality: ""FCC Pai is handing over the internet to a few humongous gatekeepers who see the rest of us as products to be delivered to advertisers, not as citizens needing communications that serve democracy's needs.'",,
worldnews,https://old.reddit.com/r/worldnews/comments/i0ufzr/uighur_group_calls_for_china_to_lose_2022_games/,144902,4919,Uighur group calls for China to lose 2022 Games over 'genocide',,
worldnews,https://old.reddit.com/r/worldnews/comments/fbvzuo/a_conservation_group_has_closed_a_1565_million/,142950,2417,"A conservation group has closed a $15.65 million deal to buy the largest privately owned giant sequoia grove left on Earth, an ancient forest with hundreds of the endangered redwood trees, which can live for 3,000 years and rise nearly as tall as the Statue of Liberty.",,
worldnews,https://old.reddit.com/r/worldnews/comments/a79z9p/giraffes_just_silently_went_to_the_list_of/,142113,3487,Giraffes just silently went to the list of endangered animals facing extinction,,
worldnews,https://old.reddit.com/r/worldnews/comments/mw8d2j/uk_parliament_unanimously_declares_the_chinese/,141161,6013,UK Parliament unanimously declares the Chinese government is committing a Genocide against Uyghurs in historic first,,
worldnews,https://old.reddit.com/r/worldnews/comments/7hrpl4/russia_banned_from_2018_winter_olympics_for_doping/,139841,7407,Russia banned from 2018 Winter Olympics for doping,,
worldnews,https://old.reddit.com/r/worldnews/comments/ub0f7j/macron_wins_french_presidential_election/,139659,10448,Macron wins French presidential election,,
worldnews,https://old.reddit.com/r/worldnews/comments/7em7xi/belgium_says_loot_boxes_are_gambling_wants_them/,139435,7516,"Belgium says loot boxes are gambling, wants them banned in Europe",,
worldnews,https://old.reddit.com/r/worldnews/comments/87icwb/mozilla_launches_facebook_container_extension_for/,138672,3766,Mozilla launches 'Facebook Container' extension for its Firefox browser that isolates the Facebook identity of users from rest of their web activity,,
worldnews,https://old.reddit.com/r/worldnews/comments/gwfvte/thousands_of_hongkongers_defy_police_ban_to/,138327,1870,Thousands of Hongkongers defy police ban to commemorate Tiananmen Massacre victims at Victoria Park,,
worldnews,https://old.reddit.com/r/worldnews/comments/sx5xuf/a_massive_leak_from_one_of_the_worlds_biggest/,138003,4890,"A massive leak from one of the world’s biggest private banks, Credit Suisse, has exposed the hidden wealth of clients involved in torture, drug trafficking, money laundering, corruption and other serious crimes.",,
worldnews,https://old.reddit.com/r/worldnews/comments/fpv76t/boris_johnson_has_tested_positive_for_coronavirus/,135548,10525,Boris Johnson Has Tested Positive For Coronavirus,,
worldnews,https://old.reddit.com/r/worldnews/comments/l7xe41/price_gouging_from_covid_student_ebooks_costing/,135116,3456,'Price gouging from Covid': student ebooks costing up to 500% more than in print - Call for inquiry into academic publishers as locked-down students unable to access study material online,,
worldnews,https://old.reddit.com/r/worldnews/comments/a27483/19_of_20_world_leaders_just_pledged_to_fight/,134983,8714,19 of 20 World Leaders Just Pledged to Fight Climate Change. Trump Was the Lone Holdout.,,
worldnews,https://old.reddit.com/r/worldnews/comments/e970b3/prince_andrew_accusers_sends_out_cryptic_tweet_i/,134858,6259,"Prince Andrew accuser's sends out cryptic tweet: ""I am making it publicy known that in no way, shape or form am I sucidal. I have made this known to my therapist and GP- If something happens to me- in the sake of my family do not let this go away and help me to protect them""",,
worldnews,https://old.reddit.com/r/worldnews/comments/furx8f/sell_one_of_your_three_yachts_outrage_as/,134232,5232,"'Sell one of your three yachts!': Outrage as billionaire Sir Philip Green asks for taxpayer help to pay emergency wages to 14,500 workers he has furloughed",,
worldnews,https://old.reddit.com/r/worldnews/comments/rwpqjk/greenland_permanently_bans_all_oil_and_gas/,133833,3499,Greenland permanently bans all oil and gas exploration,,
worldnews,https://old.reddit.com/r/worldnews/comments/hpd2vn/merkel_says_the_coronavirus_pandemic_has_exposed/,133753,4757,Merkel says the coronavirus pandemic has exposed leaders who rely on 'fact-denying populism',,
worldnews,https://old.reddit.com/r/worldnews/comments/gu8gki/protests_erupt_in_jerusalem_over_murder_of_eyad/,133621,6148,"Protests erupt in Jerusalem over murder of Eyad Halaq, an unarmed autistic Palestinian, by Israeli forces",,
worldnews,https://old.reddit.com/r/worldnews/comments/1j0djln/donald_trump_says_zelenskyy_must_make_compromises/,133521,8352,Donald Trump says Zelenskyy must make ‘compromises’ with Russia. Zelenskyy responds “No compromises with a killer”,,
worldnews,https://old.reddit.com/r/worldnews/comments/et3c7n/china_spent_the_crucial_first_days_of_the_wuhan/,132980,5568,China spent the crucial first days of the Wuhan coronavirus outbreak arresting people who posted about it online and threatening journalists,,
worldnews,https://old.reddit.com/r/worldnews/comments/mi0pat/new_zealand_raises_minimum_wage_to_20_an_hour_and/,132554,7542,New Zealand raises minimum wage to $20 an hour and raises taxes on the rich.,,
worldnews,https://old.reddit.com/r/worldnews/comments/t0fhd3/antiwar_protests_break_out_across_russia_despite/,132499,3405,Anti-war protests break out across Russia despite attempts to stifle them,,
worldnews,https://old.reddit.com/r/worldnews/comments/l1d9p5/blden_sworn_in_as_us_president/,131685,5850,Blden sworn in as U.S. president,,
worldnews,https://old.reddit.com/r/worldnews/comments/fhmpsi/coronavirus_vaccine_made_in_saskatchewan_canada/,131091,6222,Coronavirus Vaccine Made In Saskatchewan Canada Is Now In The Testing Stages,,
worldnews,https://old.reddit.com/r/worldnews/comments/gujwuw/uk_will_veto_donald_trumps_bid_to_let_russia_back/,130309,3710,UK will veto Donald Trump's bid to let Russia back into the G7 as there is no evidence of 'changed behaviour' since Putin annexed the Crimea,,
worldnews,https://old.reddit.com/r/worldnews/comments/g7cfcq/newly_revealed_financial_records_show_trump_owes/,129894,7507,Newly revealed financial records show Trump owes millions to state-owned bank in China: report,,
worldnews,https://old.reddit.com/r/worldnews/comments/gvjbhx/boris_johnson_says_3m_people_in_hong_kong_will/,129722,5680,Boris Johnson says 3m people in Hong Kong will get path to British citizenship,,
worldnews,https://old.reddit.com/r/worldnews/comments/ktxv9e/south_african_president_cyril_ramaphosa_says_that/,129689,3575,"South African president, Cyril Ramaphosa, says that they are willing to share their lessons from its peaceful transition to democracy with the US.",,
worldnews,https://old.reddit.com/r/worldnews/comments/dg1mao/south_park_episode_banned_in_china_screened_on/,129259,2832,‘South Park’ episode banned in China screened on Hong Kong streets,,
worldnews,https://old.reddit.com/r/worldnews/comments/7ug4pb/cancer_vaccine_eliminates_tumors_in_mice_90_of_90/,129161,4541,"Cancer ‘vaccine’ eliminates tumors in mice - 90 of 90 mice cured of cancers with lymphoma, similar results observed in colon, breast, and melanoma cancers.",,
worldnews,https://old.reddit.com/r/worldnews/comments/gs7gqn/if_us_president_donald_trump_goes_ahead_with_his/,128509,9462,"If U.S. President Donald Trump goes ahead with his threat to close Twitter, the site can always relocate to Germany, a senior German official suggests",,
worldnews,https://old.reddit.com/r/worldnews/comments/gdn11i/ireland_help_raise_18_million_dollars_for_the/,127845,2772,Ireland help raise 1.8 million dollars for the Choctaw badly affected by Covid-19 as payback for a $150 donation by the Choctaw tribe in 1847 during the Irish Potatoe famine,,
worldnews,https://old.reddit.com/r/worldnews/comments/os26dl/the_philippines_wins_its_firstever_olympic_gold/,127709,2476,"The Philippines Wins Its First-Ever Olympic Gold, After Nearly 100 Years Of Trying",,
worldnews,https://old.reddit.com/r/worldnews/comments/mk45tj/egypts_first_female_ship_captain_fears_for_her/,127645,3738,Egypt's first female ship captain fears for her career after she was blamed falsely for the Suez Canal blockage when she was aboard a vessel 200 miles away,,
worldnews,https://old.reddit.com/r/worldnews/comments/hwnu2o/research_finds_that_new_zealand_beat_covid19_by/,127556,6119,"Research finds that New Zealand beat Covid-19 by trusting leaders and following advice. Citizens had a high level of knowledge about coronavirus and how it spread, and compliance with basic hygiene practices and trust in authorities was at nearly 100%.",,
worldnews,https://old.reddit.com/r/worldnews/comments/dfy9md/south_park_declares_f_the_chinese_government_in/,127527,5121,'South Park' declares 'F--- the Chinese government' in 300th episode after the show was banned in China,,
worldnews,https://old.reddit.com/r/worldnews/comments/jyp0x4/students_in_japan_submit_petition_to_raise_age_of/,127215,4767,Students in Japan submit petition to raise age of consent from 13 to 16.,,
worldnews,https://old.reddit.com/r/worldnews/comments/bo3qo3/we_dont_know_a_planet_like_this_co2_levels_hit/,126879,10302,"'We Don't Know a Planet Like This': CO2 Levels Hit 415 PPM for 1st Time in 3 Million+ Yrs - ""How is this not breaking news on all channels all over the world?""",,
worldnews,https://old.reddit.com/r/worldnews/comments/fjjo5b/south_korean_church_sprayed_salt_water_inside/,126758,4303,"South Korean church sprayed salt water inside followers' mouths, believing it would prevent coronavirus. 46 people got infected because they used the same nozzle",,
worldnews,https://old.reddit.com/r/worldnews/comments/lcl03r/doctor_in_charge_of_treating_alexei_navalny_in/,126515,3187,Doctor in charge of treating Alexei Navalny in Russia after Novichok poisoning dies suddenly and 'very unexpectedly' of suspected heart attack aged 55,,
worldnews,https://old.reddit.com/r/worldnews/comments/k8dyxc/cocacola_pepsi_and_nestlé_named_top_plastic/,126442,3383,"Coca-Cola, Pepsi and Nestlé named top plastic polluters for third year in a row",,
worldnews,https://old.reddit.com/r/worldnews/comments/mnerwn/prince_philip_the_duke_of_edinburgh_and_consort/,125164,13562,"Prince Philip, the Duke of Edinburgh and consort to Queen Elizabeth II, dies aged 99",,
worldnews,https://old.reddit.com/r/worldnews/comments/i65se9/worlds_largest_vaccine_manufacturer_in/,125139,3470,"World's largest vaccine manufacturer in Maharashtra, India wants to cap vaccine price at $3",,
worldnews,https://old.reddit.com/r/worldnews/comments/b06hmk/italy_bans_unvaccinated_children_from_school/,125114,3539,Italy bans unvaccinated children from school,,
worldnews,https://old.reddit.com/r/worldnews/comments/mxo8eu/biden_officially_recognizes_the_massacre_of/,124717,7127,Biden officially recognizes the massacre of Armenians in World War I as a genocide,,
worldnews,https://old.reddit.com/r/worldnews/comments/l0gyd0/the_uk_will_introduce_a_new_visa_at_the_end_of/,124596,7120,The UK will introduce a new visa at the end of January that will give 5.4 million Hong Kong residents - a staggering 70% of the territory's population - the right to come and live in the UK,,
worldnews,https://old.reddit.com/r/worldnews/comments/1j3kaza/its_done_its_gone_ontario_premier_doug_ford/,124582,2848,"“It’s done, it’s gone”: Ontario Premier Doug Ford cancels $100-million Starlink contract in tariff response",,
worldnews,https://old.reddit.com/r/worldnews/comments/fdi90i/aldi_tells_suppliers_product_packaging_must_be/,124188,2489,"Aldi tells suppliers product packaging must be 100% recyclable, reusable or compostable by 2025",,
worldnews,https://old.reddit.com/r/worldnews/comments/t3elvw/snake_island_soldiers_who_told_russian_warship_go/,123769,3954,"Snake Island soldiers who told Russian warship ‘go f**k yourself’ are alive, Navy confirms",,
worldnews,https://old.reddit.com/r/worldnews/comments/aygrww/bill_and_melinda_gates_sue_company_that_was/,123610,3262,Bill and Melinda Gates sue company that was granted $30million to develop a pneumonia vaccine for children - but instead used the money to pay off its back rent and other debts it racked up,,
worldnews,https://old.reddit.com/r/worldnews/comments/pjthms/mexico_decriminalizes_abortion_a_dramatic_step_in/,123433,3814,"Mexico decriminalizes abortion, a dramatic step in world’s second-biggest Catholic country",,
worldnews,https://old.reddit.com/r/worldnews/comments/ewb1jk/coronavirus_is_declared_global_emergency_by_world/,123388,6917,Coronavirus is declared global emergency by World Health Organization as outbreak continues to spread outside China,,
worldnews,https://old.reddit.com/r/worldnews/comments/t0ttcq/russian_warship_go_f_yourselves_final_words_of/,123373,4896,"'Russian warship, go f*** yourselves': Final words of Ukrainian border guards on Snake Island",,
worldnews,https://old.reddit.com/r/worldnews/comments/f2uf3i/the_saddest_thing_is_that_it_wont_be_breaking/,123361,6377,'The Saddest Thing Is That It Won't Be Breaking News': Concentration of CO2 Hits Record High of 416 ppm,,
worldnews,https://old.reddit.com/r/worldnews/comments/dr09w3/microsoft_japans_experiment_with_a_3day_weekend/,123301,3170,Microsoft Japan’s experiment with a 3-day weekend boosts worker productivity by 40%.,,
worldnews,https://old.reddit.com/r/worldnews/comments/t8dwjp/anonymous_has_hacked_russian_streaming_services/,122777,2639,Anonymous has hacked Russian streaming services to broadcast footage of the war,,
worldnews,https://old.reddit.com/r/worldnews/comments/k0j2lh/pope_francis_takes_aim_at_antimask_protestors/,122006,3145,Pope Francis takes aim at anti-mask protestors: ‘They are incapable of moving outside of their own little world’,,
worldnews,https://old.reddit.com/r/worldnews/comments/hhxtkp/iran_issues_arrest_warrant_for_trump_asks/,121737,7075,Iran issues arrest warrant for Trump; asks Interpol to help,,
worldnews,https://old.reddit.com/r/worldnews/comments/9yltes/germany_ends_all_arms_sales_to_saudi_arabia/,121587,3021,Germany ends all arms sales to Saudi Arabia,,
worldnews,https://old.reddit.com/r/worldnews/comments/78ih3b/twitter_will_now_label_political_ads_including/,119865,2402,"Twitter will now label political ads, including who bought them and how much they are spending",,
worldnews,https://old.reddit.com/r/worldnews/comments/ifsd3u/fury_erupts_outside_buckingham_palace_as_enraged/,119631,6546,Fury erupts outside Buckingham Palace as enraged crowds scream 'paedophile' at gates,,
worldnews,https://old.reddit.com/r/worldnews/comments/tb53cr/anonymous_hacks_russian_federal_agency_releases/,119467,4582,"Anonymous hacks Russian federal agency, releases 360,000 documents.",,
worldnews,https://old.reddit.com/r/worldnews/comments/kek042/new_zealand_secures_enough_vaccine_for_all_new/,119308,4769,"New Zealand secures enough vaccine for all New Zealanders, and six pacific nations",,
worldnews,https://old.reddit.com/r/worldnews/comments/7i4o84/same_sex_marriage_is_now_legal_in_australia/,119292,5139,Same Sex Marriage is now legal in Australia,,
worldnews,https://old.reddit.com/r/worldnews/comments/tgaiuk/fearing_poisoning_vladimir_putin_replaces_1000_of/,118762,9607,"Fearing Poisoning, Vladimir Putin Replaces 1,000 of His Personal Staff",,
worldnews,https://old.reddit.com/r/worldnews/comments/fhhyot/brazilian_spokesperson_tests_positive_for_covid19/,118742,9205,Brazilian spokesperson tests positive for COVID-19 after he meets with Trump and Pence at Mar-a-Lago,,
worldnews,https://old.reddit.com/r/worldnews/comments/fjoth7/irish_developed_testing_kit_confirms_coronavirus/,118283,2304,Irish Developed Testing Kit confirms Coronavirus in 15 minutes,,
worldnews,https://old.reddit.com/r/worldnews/comments/78pzs4/tesla_turns_power_back_on_at_childrens_hospital/,118180,5041,Tesla Turns Power Back On At Children's Hospital In Puerto Rico,,
worldnews,https://old.reddit.com/r/worldnews/comments/gbkaoa/canada_bans_assault_weapons_including_1500_models/,117808,23592,"Canada bans assault weapons, including 1500+ models and variants",,
worldnews,https://old.reddit.com/r/worldnews/comments/e88alb/russia_banned_from_all_global_sport_including/,117520,4867,Russia banned from all global sport including 2020 OIympics and 2022 World Cup,,
worldnews,https://old.reddit.com/r/worldnews/comments/d5vqkd/please_save_your_praise_we_dont_want_it_swedish/,117493,7130,"“Please save your praise. We don’t want it,” Swedish Climate Activist Greta Thunberg told the USA Senate Climate Change Task Force. “Don’t invite us here to tell us how inspiring we are without doing anything about it because it doesn’t lead to anything.”",,
worldnews,https://old.reddit.com/r/worldnews/comments/abyhlf/hasan_minhaj_responds_after_netflix_pulls_episode/,117434,2324,"Hasan Minhaj responds after Netflix pulls episode of his comedy show in Saudi Arabia - “Clearly, the best way to stop people from watching something is to ban it, make it trend online, and then leave it up on Youtube.”",,
worldnews,https://old.reddit.com/r/worldnews/comments/85lzn0/revealed_trumps_election_consultants_filmed/,117333,7246,Revealed: Trump’s election consultants filmed saying they use bribes and sex workers to entrap politicians,,
worldnews,https://old.reddit.com/r/worldnews/comments/fkmdvd/australian_pm_stop_hoarding_i_cant_be_more_blunt/,117168,3975,"Australian PM: ""Stop hoarding. I can’t be more blunt about it. Stop it. It is not sensible, it is not helpful and it has been one of the most disappointing things I have seen in Australian behaviour in response to this crisis.""",,
worldnews,https://old.reddit.com/r/worldnews/comments/e2op5y/trump_signs_bill_backing_hong_kong_protesters/,117119,7034,"Trump signs bill backing Hong Kong protesters into law, in spite of Beijing's objections",,
worldnews,https://old.reddit.com/r/worldnews/comments/j6gmy0/new_zealand_beats_coronavirus_for_the_second_time/,117116,4671,New Zealand beats Coronavirus for the second time with no active community cases as of today.,,
worldnews,https://old.reddit.com/r/worldnews/comments/69soje/macron_wins_french_presidency_by_decisive_margin/,116589,21025,Macron wins French presidency by decisive margin over Le Pen,,
worldnews,https://old.reddit.com/r/worldnews/comments/eljp1u/multiple_rockets_hit_taji_base_in_iraq/,116522,32003,Multiple rockets hit Taji base in Iraq,,
worldnews,https://old.reddit.com/r/worldnews/comments/fsgzya/dictatorships_often_start_in_the_face_of_a_threat/,116367,4314,'Dictatorships often start in the face of a threat': UN privacy chief warns against long-lasting theft of freedoms amid coronavirus surveillance,,
worldnews,https://old.reddit.com/r/worldnews/comments/v7y7no/thailand_removes_cannabis_from_narcotics_list/,116128,2231,"Thailand removes cannabis from narcotics list, decriminalises growing plants at home",,
worldnews,https://old.reddit.com/r/worldnews/comments/fgzvgq/world_health_organization_declares_the/,116094,9417,World Health Organization declares the coronavirus outbreak a global pandemic,,
worldnews,https://old.reddit.com/r/worldnews/comments/tf76tw/us_senate_unanimously_condemns_putin_as_war/,115935,6325,U.S. Senate unanimously condemns Putin as war criminal,,
worldnews,https://old.reddit.com/r/worldnews/comments/7g4za4/no_one_owns_internet_so_it_should_be_open_and/,115832,4478,"“No one owns Internet... so, it should be open and accessible to everyone,” says the Chairman of the Telecom Regulatory Authority of India.",,
worldnews,https://old.reddit.com/r/worldnews/comments/1jchh9z/finland_turns_down_us_request_for_eggs/,98901,3651,Finland turns down US request for eggs,,
